lastname,firstname,email,passportcc,timestamp,timestamp_end,source
Bramar,Mat,Mat.Bramar%40gastech.com.kronos,Tethys,2007-12-12,2017-12-11,passport
Ribera,Anda,Anda.Ribera%40gastech.com.kronos,Tethys,2009-06-15,2019-06-14,passport
Pantanal,Rachel,Rachel.Pantanal%40gastech.com.kronos,Tethys,2013-06-13,2023-06-12,passport
Lagos,Linda,Linda.Lagos%40gastech.com.kronos,Tethys,2009-11-01,2019-10-31,passport
Onda,Marin,Marin.Onda%40gastech.com.kronos,Tethys,2005-04-15,2015-04-14,passport
Borrasca,Isande,Isande.Borrasca%40gastech.com.kronos,Tethys,2008-10-03,2018-10-02,passport
Calzas,Axel,Axel.Calzas%40gastech.com.kronos,Tethys,2012-01-31,2022-01-30,passport
Orilla,Kare,Kare.Orilla%40gastech.com.kronos,Tethys,2013-07-01,2023-06-30,passport
Orilla,Elsa,Elsa.Orilla%40gastech.com.kronos,Tethys,2010-02-28,2020-02-27,passport
Tempestad,Brand,Brand.Tempestad%40gastech.com.kronos,Tethys,2012-05-05,2022-05-04,passport
Azada,Lars,Lars.Azada%40gastech.com.kronos,Tethys,2011-06-01,2021-05-31,passport
Balas,Felix,Felix.Balas%40gastech.com.kronos,Tethys,2005-04-15,2015-04-14,passport
Dedos,Lidelse,Lidelse.Dedos%40gastech.com.kronos,Tethys,2008-08-13,2018-08-12,passport
Frente,Birgitta,Birgitta.Frente%40gastech.com.kronos,Tethys,2006-03-17,2016-03-16,passport
Nubarron,Adra,Adra.Nubarron%40gastech.com.kronos,Tethys,2007-11-12,2017-11-11,passport
Cazar,Gustav,Gustav.Cazar%40gastech.com.kronos,Tethys,2009-06-10,2019-06-09,passport
Frente,Vira,Vira.Frente%40gastech.com.kronos,Tethys,2010-02-20,2020-02-19,passport
Vasco%2dPais,Willem,Willem.Vasco%2dPais%40gastech.com.kronos,Tethys,2011-11-26,2021-11-25,passport
Sanjorge+Jr.,Sten,Sten.Sanjorge+Jr.%40gastech.com.kronos,Tethys,2013-04-21,2023-04-20,passport
Barranco,Ingrid,Ingrid.Barranco%40gastech.com.kronos,Tethys,2013-07-01,2023-06-30,passport
Campo%2dCorrente,Ada,Ada.Campo%2dCorrente%40gastech.com.kronos,Tethys,2013-07-14,2023-07-13,passport
Strum,Orhan,Orhan.Strum%40gastech.com.kronos,Tethys,2011-06-02,2021-06-01,passport
Ovan,Bertrand,Bertrand.Ovan%40gastech.com.kronos,Tethys,2008-10-03,2018-10-02,passport
Bergen,Linnea,Linnea.Bergen%40gastech.com.kronos,Tethys,2004-04-29,2014-04-28,passport
Alcazar,Lucas,Lucas.Alcazar%40gastech.com.kronos,Tethys,2013-01-24,2023-01-23,passport
Baza,Isak,Isak.Baza%40gastech.com.kronos,Tethys,2008-08-13,2018-08-12,passport
Calixto,Nils,Nils.Calixto%40gastech.com.kronos,Tethys,2012-06-12,2022-06-11,passport
Flecha,Sven,Sven.Flecha%40gastech.com.kronos,Tethys,2006-10-09,2016-10-08,passport
Herrero,Kanon,Kanon.Herrero%40gastech.com.kronos,Tethys,2008-10-10,2018-10-09,passport
Lagos,Varja,Varja.Lagos%40gastech.com.kronos,Tethys,2013-07-07,2023-07-06,passport
Fusil,Stenig,Stenig.Fusil%40gastech.com.kronos,Tethys,2006-04-03,2016-04-02,passport
Resumir,Felix,Felix.Resumir%40gastech.com.kronos,Tethys,2005-03-20,2015-03-19,passport
Cocinaro,Hideki,Hideki.Cocinaro%40gastech.com.kronos,Tethys,2013-05-25,2023-05-24,passport
